{
    "lines": [
        {
            "edge": {
                "id": 1,
                "from_node": {
                    "id": 1,
                    "coord": {
                        "x": 0,
                        "y": 0.1
                    }
                },
                "to_node": {
                    "id": 3,
                    "coord": {
                        "x": 0.1,
                        "y": 0.1
                    }
                }
            },
            "length": 0.1,
            "built": false,
            "cost": null,
            "conductor": null,
            "I_magn": null,
            "P_send": null,
            "Q_send": null,
            "P_rec": null,
            "Q_rec": null
        },
        {
            "edge": {
                "id": 2,
                "from_node": {
                    "id": 2,
                    "coord": {
                        "x": 0,
                        "y": 0
                    }
                },
                "to_node": {
                    "id": 3,
                    "coord": {
                        "x": 0.1,
                        "y": 0.1
                    }
                }
            },
            "length": 0.14142135623730953,
            "built": true,
            "cost": 1.4142135623730954,
            "conductor": {
                "name": "Poppy",
                "r": 0.00046225582860743544,
                "x": 0.0003604284814114682,
                "max_i": 7.9350000000000005,
                "cost": 10
            },
            "I_magn": [
                0.8127657608192052,
                0.6143259230092837,
                0.6775811047078986,
                2.3114169163419067
            ],
            "P_send": [
                0.6383850335834208,
                0.4636052323620265,
                0.6016537316125372,
                2.0731896823906726
            ],
            "Q_send": [
                0.5029273946915004,
                0.40259455320362253,
                0.3107806685998775,
                1.022012793504015
            ],
            "P_rec": [
                0.6383418490537932,
                0.4635805608891522,
                0.6016237178828446,
                2.0728404182740783
            ],
            "Q_rec": [
                0.5028937230026413,
                0.40257531644996375,
                0.3107572664006079,
                1.0217404665210652
            ]
        },
        {
            "edge": {
                "id": 3,
                "from_node": {
                    "id": 3,
                    "coord": {
                        "x": 0.1,
                        "y": 0.1
                    }
                },
                "to_node": {
                    "id": 4,
                    "coord": {
                        "x": 0.2,
                        "y": 0.1
                    }
                }
            },
            "length": 0.1,
            "built": true,
            "cost": 1.5,
            "conductor": {
                "name": "Daisy",
                "r": 0.00018315479941188826,
                "x": 0.0003310228943499265,
                "max_i": 15.870000000000001,
                "cost": 15
            },
            "I_magn": [
                0.2735942695447195,
                0.23811955294852333,
                0.44121731644533574,
                0.728759145629102
            ],
            "P_send": [
                0.2580010292326055,
                0.22353794674439867,
                0.4167885373317896,
                0.6885246354397552
            ],
            "Q_send": [
                0.12495741533921535,
                0.10826574277873986,
                0.2018646189265029,
                0.33348056977627966
            ],
            "P_rec": [
                0.2579996582488875,
                0.22353690823980835,
                0.4167849718074853,
                0.688514908273485
            ],
            "Q_rec": [
                0.12495493750625714,
                0.10826386584842526,
                0.2018581748137694,
                0.33346298948494746
            ]
        }
    ],
    "buses": [
        {
            "node": {
                "id": 1,
                "coord": {
                    "x": 0,
                    "y": 0.1
                }
            },
            "built": false,
            "V_limits": {
                "V_min": 0.95,
                "V_max": 1.05
            },
            "S_rating_max": 15,
            "S_rating": 0,
            "V_magn": [
                0.95,
                0.95,
                0.95,
                0.95
            ],
            "P_sup": [
                0,
                0,
                0,
                0
            ],
            "Q_sup": [
                0,
                0,
                0,
                0
            ]
        },
        {
            "node": {
                "id": 2,
                "coord": {
                    "x": 0,
                    "y": 0
                }
            },
            "built": true,
            "V_limits": {
                "V_min": 0.95,
                "V_max": 1.05
            },
            "S_rating_max": 15,
            "S_rating": 2.3114120626626127,
            "V_magn": [
                1,
                1,
                1,
                1
            ],
            "P_sup": [
                0.6383850335834208,
                0.4636052323620265,
                0.6016537316125372,
                2.0731896823906726
            ],
            "Q_sup": [
                0.5029273946915004,
                0.40259455320362253,
                0.3107806685998775,
                1.022012793504015
            ]
        },
        {
            "node": {
                "id": 3,
                "coord": {
                    "x": 0.1,
                    "y": 0.1
                }
            },
            "V_limits": {
                "V_min": 0.95,
                "V_max": 1.05
            },
            "max_pv_capa": 0.4,
            "V_magn": [
                1.0490100596637817,
                1.048692503445537,
                1.04992404799313,
                1.0498406913086866
            ],
            "load_profile": {
                "time_serie": [
                    0.86704535386329,
                    0.6751924683412124,
                    0.24981686633378278,
                    1.5789764924404954
                ],
                "granularity": 720
            },
            "PV_installation": {
                "profile": {
                    "time_serie": [
                        1,
                        0.9190765189761652,
                        0.1,
                        0.09190765189761652
                    ],
                    "granularity": 720
                },
                "PQ_diagram": {
                    "max_q": 0.3,
                    "slope": -1
                },
                "capa": 0.3999999999708394,
                "P": [
                    0.39999999873846603,
                    0.3676306066527001,
                    0.039999999154246034,
                    0.036763060753717346
                ],
                "Q": [
                    0,
                    0,
                    0,
                    0
                ]
            },
            "storage": {
                "efficiency": 0.98,
                "capa": 0,
                "state": [
                    0,
                    0,
                    0,
                    0
                ],
                "P": [
                    0,
                    0,
                    0,
                    0
                ]
            },
            "cos_phi": 0.9
        },
        {
            "node": {
                "id": 4,
                "coord": {
                    "x": 0.2,
                    "y": 0.1
                }
            },