{
    "lines": [
        {
            "edge": {
                "id": 1,
                "from_node": {
                    "id": 1,
                    "coord": {
                        "x": 0,
                        "y": 0.1
                    }
                },
                "to_node": {
                    "id": 3,
                    "coord": {
                        "x": 0.1,
                        "y": 0.1
                    }
                }
            },
            "length": 0.1,
            "built": false,
            "cost": null,
            "conductor": null,
            "I_magn": null,
            "P_send": null,
            "Q_send": null,
            "P_rec": null,
            "Q_rec": null
        },
        {
            "edge": {
                "id": 2,
                "from_node": {
                    "id": 2,
                    "coord": {
                        "x": 0,
                        "y": 0
                    }
                },
                "to_node": {
                    "id": 3,
                    "coord": {
                        "x": 0.1,
                        "y": 0.1
                    }
                }
            },
            "length": 0.14142135623730953,
            "built": true,
            "cost": 2.121320343559643,
            "conductor": {
                "name": "Daisy",
                "r": 0.00018315479941188826,
                "x": 0.0003310228943499265,
                "max_i": 15.870000000000001,
                "cost": 15
            },
            "I_magn": [
                0.783757775285476,
                0.5856950015201261,
                0.6750500984876946,
                2.3093215984962203
            ],
            "P_send": [
                0.6960433349663491,
                0.5097677730529224,
                0.637281081608994,
                2.190178201340711
            ],
            "Q_send": [
                0.360277568325343,
                0.28840155544574,
                0.2226342474733055,
                0.7321788262177075
            ],
            "P_rec": [
                0.6960274239828308,
                0.5097588876661576,
                0.6372692782582889,
                2.19004006684831
            ],
            "Q_rec": [
                0.3602488117771495,
                0.28838549653571555,
                0.2226129148119395,
                0.7319291703002488
            ]
        },
        {
            "edge": {
                "id": 3,
                "from_node": {
                    "id": 3,
                    "coord": {
                        "x": 0.1,
                        "y": 0.1
                    }
                },
                "to_node": {
                    "id": 4,
                    "coord": {
                        "x": 0.2,
                        "y": 0.1
                    }
                }
            },
            "length": 0.1,
            "built": true,
            "cost": 1.5,
            "conductor": {
                "name": "Daisy",
                "r": 0.00018315479941188826,
                "x": 0.0003310228943499265,
                "max_i": 15.870000000000001,
                "cost": 15
            },
            "I_magn": [
                0.27301747709351154,
                0.23654847103312732,
                0.4410474356222037,
                0.7286012162155782
            ],
            "P_send": [
                0.27233433781270544,
                0.23595665033247193,
                0.4399432552411954,
                0.7267754597888862
            ],
            "Q_send": [
                0.0895139868073056,
                0.07755671586948827,
                0.14460762330090782,
                0.23889391855979783
            ],
            "P_rec": [
                0.27233297260351996,
                0.23595562548651064,
                0.43993969246201264,
                0.7267657368381083
            ],
            "Q_rec": [
                0.08951151941088782,
                0.07755486362495273,
                0.1446011841495409,
                0.23887634588729081
            ]
        }
    ],
    "buses": [
        {
            "node": {
                "id": 1,
                "coord": {
                    "x": 0,
                    "y": 0.1
                }
            },
            "built": false,
            "V_limits": {
                "V_min": 0.95,
                "V_max": 1.05
            },
            "S_rating_max": 15,
            "S_rating": 0,
            "V_magn": [
                1.05,
                1.05,
                1.05,
                1.05
            ],
            "P_sup": [
                0,
                0,
                0,
                0
            ],
            "Q_sup": [
                0,
                0,
                0,
                0
            ]
        },
        {
            "node": {
                "id": 2,
                "coord": {
                    "x": 0,
                    "y": 0
                }
            },
            "built": true,
            "V_limits": {
                "V_min": 0.95,
                "V_max": 1.05
            },
            "S_rating_max": 15,
            "S_rating": 2.309321621117526,
            "V_magn": [
                1,
                1,
                1,
                1
            ],
            "P_sup": [
                0.6960433349663491,
                0.5097677730529224,
                0.637281081608994,
                2.190178201340711
            ],
            "Q_sup": [
                0.360277568325343,
                0.28840155544574,
                0.2226342474733055,
                0.7321788262177075
            ]
        },
        {
            "node": {
                "id": 3,
                "coord": {
                    "x": 0.1,
                    "y": 0.1
                }
            },
            "V_limits": {
                "V_min": 0.95,
                "V_max": 1.05
            },
            "max_pv_capa": 0.4,
            "V_magn": [
                1.05,
                1.05,
                1.05,
                1.05
            ],
            "load_profile": {
                "time_serie": [
                    0.86704535386329,
                    0.6751924683412124,
                    0.24981686633378278,
                    1.5789764924404954
                ],
                "granularity": 720
            },
            "PV_installation": {
                "profile": {
                    "time_serie": [
                        1,
                        0.9190765189761652,
                        0.1,
                        0.09190765189761652
                    ],
                    "granularity": 720
                },
                "PQ_diagram": {
                    "max_q": 0.3,
                    "slope": -1
                },
                "capa": 0.4,
                "P": [
                    0.4,
                    0.36763060759046606,
                    0.04000000000000001,
                    0.03676306075904661
                ],
                "Q": [
                    0,
                    0,
                    0,
                    0
                ]
            },
            "storage": null,
            "cos_phi": 0.95
        },
        {
            "node": {
                "id": 4,
                "coord": {
                    "x": 0.2,
                    "y": 0.1
                }
            },
            "V_limits": {
                "V_min": 0.95,
                "V_max": 1.05
            },
            "max_pv_capa": 0.4,
            "V_magn": [
                0.95,
                1.05,
                0.95,
                0.95
            ],