{
    "lines": [
        {
            "edge": {
                "id": 1,
                "from_node": {
                    "id": 1,
                    "coord": {
                        "x": 0,
                        "y": 0.1
                    }
                },
                "to_node": {
                    "id": 3,
                    "coord": {
                        "x": 0.1,
                        "y": 0.1
                    }
                }
            },
            "length": 0.1,
            "built": false,
            "cost": null,
            "conductor": null,
            "I_magn": null,
            "P_send": null,
            "Q_send": null,
            "P_rec": null,
            "Q_rec": null
        },
        {
            "edge": {
                "id": 2,
                "from_node": {
                    "id": 2,
                    "coord": {
                        "x": 0,
                        "y": 0
                    }
                },
                "to_node": {
                    "id": 3,
                    "coord": {
                        "x": 0.1,
                        "y": 0.1
                    }
                }
            },
            "length": 0.14142135623730953,
            "built": true,
            "cost": 1.4142135623730954,
            "conductor": {
                "name": "Poppy",
                "r": 0.00046225582860743544,
                "x": 0.0003604284814114682,
                "max_i": 7.9350000000000005,
                "cost": 10
            },
            "I_magn": [
                1.1538734172124911,
                0.9237236360621681,
                0.7129604028967201,
                2.34446705190406
            ],
            "P_send": [
                1.0384292381384388,
                0.8312672041639212,
                0.6416578749277541,
                2.1099653286486704
            ],
            "Q_send": [
                0.5029616315966274,
                0.40261882610421346,
                0.3107833081122229,
                1.022020988402022
            ],
            "P_rec": [
                1.0383421991710056,
                0.8312114237790387,
                0.6416246450905049,
                2.109606005115637
            ],
            "Q_rec": [
                0.5028937658804717,
                0.4025753332195995,
                0.3107573982609327,
                1.021740817926429
            ]
        },
        {
            "edge": {
                "id": 3,
                "from_node": {
                    "id": 3,
                    "coord": {
                        "x": 0.1,
                        "y": 0.1
                    }
                },
                "to_node": {
                    "id": 4,
                    "coord": {
                        "x": 0.2,
                        "y": 0.1
                    }
                }
            },
            "length": 0.1,
            "built": true,
            "cost": 1.2000000000000002,
            "conductor": {
                "name": "Oxlip",
                "r": 0.0002307918504515858,
                "x": 0.0003377441713925646,
                "max_i": 11.73,
                "cost": 12
            },
            "I_magn": [
                0.2731881483953038,
                0.23678056125284982,
                0.4412514717537913,
                0.728646498287598
            ],
            "P_send": [
                0.2580013806962677,
                0.22353820229094024,
                0.4167894653894826,
                0.6885271619163958
            ],
            "Q_send": [
                0.12495745817831971,
                0.10826575952760208,
                0.20186475078558033,
                0.3334809214441075
            ],
            "P_rec": [
                0.2579996582559663,
                0.22353690835564166,
                0.41678497180611723,
                0.6885149085834711
            ],
            "Q_rec": [
                0.12495493753397623,
                0.10826386596375051,
                0.20185817480992374,
                0.3334629897373883
            ]
        }
    ],
    "buses": [
        {
            "node": {
                "id": 1,
                "coord": {
                    "x": 0,
                    "y": 0.1
                }
            },
            "built": false,
            "V_limits": {
                "V_min": 0.95,
                "V_max": 1.05
            },
            "S_rating_max": 15,
            "S_rating": 0,
            "V_magn": [
                0.9500000000000226,
                0.9500000000000226,
                0.9500000000000226,
                0.9500000000000226
            ],
            "P_sup": [
                0,
                0,
                0,
                0
            ],
            "Q_sup": [
                0,
                0,
                0,
                0
            ]
        },
        {
            "node": {
                "id": 2,
                "coord": {
                    "x": 0,
                    "y": 0
                }
            },
            "built": true,
            "V_limits": {
                "V_min": 0.95,
                "V_max": 1.05
            },
            "S_rating_max": 15,
            "S_rating": 2.3444575280014277,
            "V_magn": [
                1,
                1,
                1,
                1
            ],
            "P_sup": [
                1.0384292381384388,
                0.8312672041639212,
                0.6416578749277541,
                2.1099653286486704
            ],
            "Q_sup": [
                0.5029616315966274,
                0.40261882610421346,
                0.3107833081122229,
                1.022020988402022
            ]
        },
        {
            "node": {
                "id": 3,
                "coord": {
                    "x": 0.1,
                    "y": 0.1
                }
            },
            "V_limits": {
                "V_min": 0.95,
                "V_max": 1.05
            },
            "max_pv_capa": 0.4,
            "V_magn": [
                1.0497099515724901,
                1.0494882332808269,
                1.0499950739196742,
                1.0499689199750069
            ],
            "load_profile": {
                "time_serie": [
                    0.86704535386329,
                    0.6751924683412124,
                    0.24981686633378278,
                    1.5789764924404954
                ],
                "granularity": 720
            },
            "PV_installation": null,
            "cos_phi": 0.9
        },
        {
            "node": {
                "id": 4,
                "coord": {
                    "x": 0.2,
                    "y": 0.1
                }
            },
            "V_limits": {
                "V_min": 0.95,
                "V_max": 1.05
            },
            "max_pv_capa": 0.4,
            "V_magn": [
                0.95,
                0.95,
                0.95,
                0.95
            ],
            "load_profile": {
                "time_serie": [
                    0.28666628695107366,
                    0.24837434261737962,
                    0.46309441311790805,
                    0.7650165650927456
                ],
                "granularity": 720
            },
            "PV_installation": null,
            "cos_phi": 0.9
        }
    ],
    "conductors": [
        {
            "name": "Poppy",
            "r": 0.00046225582860743544,
            "x": 0.0003604284814114682,
            "max_i": 7.9350000000000005,
            "cost": 10
        },
        {
            "name": "Oxlip",
            "r": 0.0002307918504515858,
            "x": 0.0003377441713925646,
            "max_i": 11.73,
            "cost": 12
        },
        {
            "name": "Daisy",
            "r": 0.00018315479941188826,