{
    "lines": [
        {
            "edge": {
                "id": 1,
                "from_node": {
                    "id": 1,
                    "coord": {
                        "x": 0,
                        "y": 0.1
                    }
                },
                "to_node": {
                    "id": 3,
                    "coord": {
                        "x": 0.1,
                        "y": 0.1
                    }
                }
            },
            "length": 0.1,
            "built": true,
            "cost": 1.5,
            "conductor": {
                "name": "Daisy",
                "r": 0.00018315479941188826,
                "x": 0.0003310228943499265,
                "max_i": 15.870000000000001,
                "cost": 15
            },
            "I_magn": [
                0.5561527656805864,
                0.37355039307466986,
                0.6374222556199369,
                2.274433424918817
            ],
            "P_send": [
                0.4236991216422069,
                0.23742778516660035,
                0.5972815182629532,
                2.1533866809854474
            ],
            "Q_send": [
                0.36025687191389916,
                0.288388527872258,
                0.22262644462371453,
                0.7321020581315779
            ],
            "P_rec": [
                0.4236934565562222,
                0.23742522942643113,
                0.5972740765528278,
                2.1532919341394776
            ],
            "Q_rec": [
                0.360246633180514,
                0.28838390878222736,
                0.2226129949274329,
                0.7319308184191369
            ]
        },
        {
            "edge": {
                "id": 2,
                "from_node": {
                    "id": 2,
                    "coord": {
                        "x": 0,
                        "y": 0
                    }
                },
                "to_node": {
                    "id": 3,
                    "coord": {
                        "x": 0.1,
                        "y": 0.1
                    }
                }
            },
            "length": 0.14142135623730953,
            "built": false,
            "cost": null,
            "conductor": null,
            "I_magn": null,
            "P_send": null,
            "Q_send": null,
            "P_rec": null,
            "Q_rec": null
        },
        {
            "edge": {
                "id": 3,
                "from_node": {
                    "id": 3,
                    "coord": {
                        "x": 0.1,
                        "y": 0.1
                    }
                },
                "to_node": {
                    "id": 4,
                    "coord": {
                        "x": 0.2,
                        "y": 0.1
                    }
                }
            },
            "length": 0.1,
            "built": true,
            "cost": 1,
            "conductor": {
                "name": "Poppy",
                "r": 0.00046225582860743544,
                "x": 0.0003604284814114682,
                "max_i": 7.9350000000000005,
                "cost": 10
            },
            "I_magn": [
                0.08951357033248088,
                0.08566352415834995,
                0.4252945607619715,
                0.730257593502726
            ],
            "P_send": [
                3.703861323554398e-7,
                -0.036377007907254566,
                0.39994805353573415,
                0.6900273270800537
            ],
            "Q_send": [
                0.08951180821067009,
                0.077555128116,
                0.14460770341640117,
                0.23889556667868594
            ],
            "P_rec": [
                -4.637346062813927e-12,
                -0.03637734712164667,
                0.39993969246201266,
                0.6900026760790616
            ],
            "Q_rec": [
                0.08951151941088782,
                0.07755486362495272,
                0.1446011841495409,
                0.23887634588729081
            ]
        }
    ],
    "buses": [
        {
            "node": {
                "id": 1,
                "coord": {
                    "x": 0,
                    "y": 0.1
                }
            },
            "built": true,
            "V_limits": {
                "V_min": 0.95,
                "V_max": 1.05
            },
            "S_rating_max": 15,
            "S_rating": 2.274433468753459,
            "V_magn": [
                1,
                1,
                1,
                1
            ],
            "P_sup": [
                0.4236991216422069,
                0.23742778516660035,
                0.5972815182629532,
                2.1533866809854474
            ],
            "Q_sup": [
                0.36025687191389916,
                0.288388527872258,
                0.22262644462371453,
                0.7321020581315779
            ]
        },
        {
            "node": {
                "id": 2,
                "coord": {
                    "x": 0,
                    "y": 0
                }
            },
            "built": false,
            "V_limits": {
                "V_min": 0.95,
                "V_max": 1.05
            },
            "S_rating_max": 15,
            "S_rating": 0,
            "V_magn": [
                0.9999803144475732,
                0.9999861050789655,
                0.9999816911804779,
                0.9999363271099764
            ],
            "P_sup": [
                0,
                0,
                0,
                0
            ],
            "Q_sup": [
                0,
                0,
                0,
                0
            ]
        },
        {
            "node": {
                "id": 3,
                "coord": {
                    "x": 0.1,
                    "y": 0.1
                }
            },
            "V_limits": {
                "V_min": 0.95,
                "V_max": 1.05
            },
            "max_pv_capa": 0.4,
            "V_magn": [
                0.9999803144475732,
                0.9999861050789655,
                0.9999816911804779,
                0.9999363271099764
            ],
            "load_profile": {
                "time_serie": [
                    0.86704535386329,
                    0.6751924683412124,
                    0.24981686633378278,
                    1.5789764924404954
                ],
                "granularity": 720
            },
            "PV_installation": {
                "profile": {
                    "time_serie": [
                        1,
                        0.9190765189761652,
                        0.1,
                        0.09190765189761652
                    ],
                    "granularity": 720
                },
                "PQ_diagram": {
                    "max_q": 0.3,
                    "slope": -1
                },
                "capa": 0.4,
                "P": [
                    0.40000000000003555,
                    0.36763060759046606,
                    0.04000000000000001,
                    0.03676306075904656
                ],
                "Q": [
                    0,
                    0,
                    0,
                    0
                ]
            },
            "storage": null,
            "cos_phi": 0.95
        },
        {
            "node": {
                "id": 4,
                "coord": {
                    "x": 0.2,
                    "y": 0.1
                }
            },
            "V_limits": {
                "V_min": 0.95,
                "V_max": 1.05
            },
            "max_pv_capa": 0.4,
            "V_magn": [
                0.9999770881149903,
                0.9999849913161643,
                0.9999579908710521,
                0.9998958172341945
            ],